{"cameraMode":{"drawMode":0,"name":"Shaded","section":"Shading Mode"},"sceneLighting":true,"audioPlay":false,"sceneViewState":{"showFog":false,"showMaterialUpdate":false,"showSkybox":false,"showFlares":false,"showImageEffects":false,"showParticleSystems":true},"in2DMode":false,"pivot":{"x":-9.300000190734864,"y":1.3000001907348633,"z":22.0},"rotation":{"x":-0.218693807721138,"y":0.01697494275867939,"z":-0.0038047332782298328,"w":-0.9756385087966919},"size":71.84248352050781,"orthographic":false}