{"cameraMode":{"drawMode":0,"name":"Shaded","section":"Shading Mode"},"sceneLighting":true,"audioPlay":false,"sceneViewState":{"showFog":false,"showMaterialUpdate":false,"showSkybox":false,"showFlares":false,"showImageEffects":false,"showParticleSystems":true},"in2DMode":false,"pivot":{"x":0.5982106924057007,"y":1.9248088598251343,"z":19.516590118408204},"rotation":{"x":-0.17737457156181336,"y":0.673636257648468,"z":-0.17151227593421937,"w":-0.6966606974601746},"size":27.41600227355957,"orthographic":false}