{"cameraMode":{"drawMode":0,"name":"Shaded","section":"Shading Mode"},"sceneLighting":true,"audioPlay":false,"sceneViewState":{"showFog":false,"showMaterialUpdate":false,"showSkybox":false,"showFlares":false,"showImageEffects":false,"showParticleSystems":true},"in2DMode":false,"pivot":{"x":11.530462265014649,"y":-12.995758056640625,"z":9.937240600585938},"rotation":{"x":-0.3269839286804199,"y":-0.15858370065689088,"z":0.05576016381382942,"w":-0.9299588799476624},"size":71.84248352050781,"orthographic":false}