{"cameraMode":{"drawMode":0,"name":"Shaded","section":"Shading Mode"},"sceneLighting":false,"audioPlay":false,"sceneViewState":{"showFog":false,"showMaterialUpdate":false,"showSkybox":false,"showFlares":false,"showImageEffects":false,"showParticleSystems":true},"in2DMode":false,"pivot":{"x":-0.8483734130859375,"y":3.723421573638916,"z":3.615924835205078},"rotation":{"x":-0.004833587445318699,"y":0.9914809465408325,"z":0.1243726909160614,"w":0.03838831186294556},"size":3.157883405685425,"orthographic":false}